<?xml version="1.0" encoding="UTF-8"?>
<taxPayers>
  <taxPayer category="superhero">
    <name>Nick Nedd</name>
    <gender>Male</gender>
    <email>nick@tick.com</email>
    <birthdate>1976</birthdate>
    <heroName>The Tick</heroName>
    <spandex>Yes</spandex>
    <strength>9</strength>
    <speed>7</speed>
    <intelligence>5</intelligence>
    <income>90287</income>
    <wealth>0</wealth>
    <tax>29794</tax>
  </taxPayer>
  <taxPayer category="superhero">
    <name>Bruce Wayne</name>
    <gender>Male</gender>
    <email>bruce@wayneenterprises.com</email>
    <birthdate>1974</birthdate>
    <heroName>Batman</heroName>
    <spandex>No</spandex>
    <strength>7</strength>
    <speed>4</speed>
    <intelligence>9</intelligence>
    <income>3343891</income>
    <wealth>50144501</wealth>
    <tax>11132384</tax>
  </taxPayer>
  <taxPayer category="superhero">
    <name>Selina Kyle</name>
    <gender>Female</gender>
    <email>selina@whiskas.com</email>
    <birthdate>1997</birthdate>
    <heroName>Catwoman</heroName>
    <spandex>Yes</spandex>
    <strength>6</strength>
    <speed>6</speed>
    <intelligence>9</intelligence>
    <income>0</income>
    <wealth>2987323</wealth>
    <tax>597464</tax>
  </taxPayer>
</taxPayers>
<!-- NOTE: category="superhero" er ikke noedvendig iflg. oppgaveteksten, men
jeg har lagt det inn for aa vise at det kunne vaert flere kategorier skattebetalere -->

<!-- NOTE 2: Saavidt jeg skjoenner er <spandex>true</spandex> foretrukket for boolske
verdier over <spandex value="true" /> selv om dette ogsaa er tillatt. Etter aa
ha snakket med Camilla Tran har jeg endret til yes/no. -->
